Age,pco2
0,355.109862
102530.883,417.410648
205000,527.605924
307530.883,641.118257
410000,694.391122
576000,565.516297
742000,467.075371
907900,404.178367
1073900,397.023266