Age,pco2
0,355.109862
166000,417.4106481
331900,527.6059242
497900,641.1182569
663800,694.3911215
829800,565.5162969
995800,467.0753709
1161700,404.1783669
1327700,397.0232655