age,ph
0,7.7311
5686.252853,7.527162821
19078.12385,7.467869635
32112.87829,7.460521506
45504.74928,7.476141204
58718.062,7.517762811
72288.49127,7.558043663
85501.80399,7.590736973
98715.11671,7.618755987
112106.9877,7.610007918
125498.8587,7.619910135
138712.1714,7.618562375