age,d13c
0,2.7424
6003.485261,1.715770096
19395.35626,0.323538977
32608.66897,-0.086491696
45821.98169,0.565696891
72605.72368,1.359298753
85819.0364,1.441015753
99389.46568,1.639827351
112424.2201,1.712672055
125637.5328,1.593643822
139029.4038,1.558126114